Cells Included,Conditions,V-C Expo Parameter A,V-C Expo Parameter B,V-C Expo Parameter C,V-C R Squared Value,V⁻¹-C⁻¹ Intercept A,V⁻¹-C⁻¹ Slope B,V⁻¹-C⁻¹ R Squared Value,V⁻¹-C⁻¹ Residual Standard Error,V⁻¹-C⁻¹ Std. Error of Slope,V⁻¹-C⁻¹ Std. Error of Intercept,Maximum Reaction Velocity V (mM/s),Uncertainty in V (mM/s),Michaelis-Menten Constant Km (mM),Uncertainty in Km (mM),Remarks
"A1, A2, A3, B1, B2, B3, C1, C2, C3, D1, D2, D3, E1, E2, E3, F1, F2, F3",Tyrosinase,-1.773748435202838e-05,-2.4798004750546922e-05,-1.5096819277515299,0.9417158202052173,-25079.645577458636,92611.1029092627,0.9986210367707096,5118.292971288518,3441.4308204463027,4584.589559443427,3.9872971765549635e-05,7.288827487443504e-06,3.6926798914774435,0.6888322911259153,"For the Lineweaver-Burk or V⁻¹-C⁻¹ Plot, outliers at the following concentrations were excluded: 0.0, 0.225, 0.9 mM"
"A4, A5, A6, B4, B5, B6, C4, C5, C6, D4, D5, D6, E4, E5, E6, F4, F5, F6",Tyrosinase with p-Hydroxybenzoic Acid,-7.780474165216495e-05,-7.136793678782043e-05,-1.586899678117234,0.9984925525328576,-4969.599869530535,21932.4665293799,0.9997830813041945,242.3226326945736,323.05991612894996,296.78340161478684,0.00020122344378893975,1.2017019418097528e-05,4.4133264458274795,0.27146146964349643,"For the Lineweaver-Burk or V⁻¹-C⁻¹ Plot, outliers at the following concentrations were excluded: 0.0, 0.18, 0.36 mM"
"A7, A8, A9, B7, B8, B9, C7, C8, C9, D7, D8, D9, E7, E8, E9, F7, F8, F9",Tyrosinase with Commercial Vinegar,-0.0007463538407592594,-0.0007369397118063248,-2.928959115200112,0.9988416723803344,-5728.355909597853,8963.436669931212,0.9552075850553093,4746.530353682498,1120.6430050599813,3213.4162401739104,0.00017457015866009676,9.79280253777864e-05,1.564748561609621,0.8993077874466127,"For the Lineweaver-Burk or V⁻¹-C⁻¹ Plot, outliers at the following concentrations were excluded: 0.0 mM"
