Cells Included,Conditions,V-C Expo Parameter A,V-C Expo Parameter B,V-C Expo Parameter C,V-C R Squared Value,V⁻¹-C⁻¹ Intercept A,V⁻¹-C⁻¹ Slope B,V⁻¹-C⁻¹ R Squared Value,V⁻¹-C⁻¹ Residual Standard Error,V⁻¹-C⁻¹ Std. Error of Slope,V⁻¹-C⁻¹ Std. Error of Intercept,Maximum Reaction Velocity V (mM/s),Uncertainty in V (mM/s),Michaelis-Menten Constant Km (mM),Uncertainty in Km (mM),Remarks
"A1, A2, A3, B1, B2, B3, C1, C2, C3, D1, D2, D3, E1, E2, E3, F1, F2, F3",Tyrosinase,-1.7737853944208802e-05,-2.479822914998384e-05,-1.5096868305185185,0.9417158272695139,-25082.137817083538,92617.1977543872,0.9986205530876312,5119.528674727255,3442.2616810326067,4585.6964114965585,3.9869009862424734e-05,7.289138461376196e-06,3.6925559706998055,0.6889079320538365,"For the Lineweaver-Burk or V⁻¹-C⁻¹ Plot, outliers at the following concentrations were excluded: 0.0, 0.225, 0.9 mM"
"A4, A5, A6, B4, B5, B6, C4, C5, C6, D4, D5, D6, E4, E5, E6, F4, F5, F6",Tyrosinase with p-Hydroxybenzoic Acid,-7.780470974651845e-05,-7.13679166793885e-05,-1.5868994924051567,0.9984925606545348,-4969.600740545326,21932.468501432435,0.9997830807714195,242.32295213209605,323.06034199696757,296.7837928442542,0.00020122340852079553,1.2017031046904045e-05,4.413326069133219,0.2714617580724864,"For the Lineweaver-Burk or V⁻¹-C⁻¹ Plot, outliers at the following concentrations were excluded: 0.0, 0.18, 0.36 mM"
"A7, A8, A9, B7, B8, B9, C7, C8, C9, D7, D8, D9, E7, E8, E9, F7, F8, F9",Tyrosinase with Commercial Vinegar,-0.0007463538672669701,-0.0007369397371232665,-2.9289591922632177,0.9988416722201475,-5728.355699027168,8963.436509715824,0.9552075883341902,4746.530086967858,1120.6429420893746,3213.416059607245,0.00017457016507718391,9.79280270746068e-05,1.5647485911599486,0.899307786150914,"For the Lineweaver-Burk or V⁻¹-C⁻¹ Plot, outliers at the following concentrations were excluded: 0.0 mM"
